{"cameraMode":{"drawMode":0,"name":"Shaded","section":"Shading Mode"},"sceneLighting":true,"audioPlay":false,"sceneViewState":{"showFog":true,"showMaterialUpdate":true,"showSkybox":true,"showFlares":true,"showImageEffects":true,"showParticleSystems":true},"in2DMode":false,"pivot":{"x":-716.7660522460938,"y":-468.129638671875,"z":741.9527587890625},"rotation":{"x":-0.15314090251922608,"y":0.5619924664497376,"z":-0.1068064272403717,"w":-0.8057944178581238},"size":1488.03271484375,"orthographic":false}